Id,Predicted
0,neutral
1,surprise
2,anger
3,neutral
4,anger
5,sadness
6,neutral
7,neutral
8,neutral
9,neutral
10,surprise
11,neutral
12,joy
13,neutral
14,joy
15,surprise
16,sadness
17,surprise
18,neutral
19,neutral
20,neutral
21,neutral
22,surprise
23,non-neutral
24,joy
25,anger
26,anger
27,non-neutral
28,anger
29,surprise
30,non-neutral
31,neutral
32,sadness
33,neutral
34,neutral
35,non-neutral
36,neutral
37,neutral
38,surprise
39,neutral
40,neutral
41,joy
42,surprise
43,neutral
44,neutral
45,neutral
46,sadness
47,non-neutral
48,neutral
49,neutral
50,neutral
51,neutral
52,neutral
53,neutral
54,neutral
55,neutral
56,surprise
57,joy
58,sadness
59,neutral
60,sadness
61,neutral
62,anger
63,neutral
64,neutral
65,sadness
66,sadness
67,surprise
68,anger
69,surprise
70,non-neutral
71,neutral
72,neutral
73,neutral
74,neutral
75,anger
76,non-neutral
77,anger
78,joy
79,anger
80,sadness
81,surprise
82,neutral
83,joy
84,surprise
85,neutral
86,neutral
87,neutral
88,neutral
89,neutral
90,neutral
91,neutral
92,neutral
93,neutral
94,anger
95,sadness
96,neutral
97,neutral
98,neutral
99,neutral
100,neutral
101,neutral
102,neutral
103,non-neutral
104,joy
105,neutral
106,neutral
107,joy
108,neutral
109,non-neutral
110,neutral
111,neutral
112,neutral
113,neutral
114,neutral
115,neutral
116,surprise
117,neutral
118,neutral
119,joy
120,anger
121,neutral
122,surprise
123,neutral
124,joy
125,surprise
126,non-neutral
127,joy
128,neutral
129,joy
130,neutral
131,neutral
132,neutral
133,neutral
134,surprise
135,neutral
136,anger
137,neutral
138,neutral
139,neutral
140,neutral
141,neutral
142,joy
143,neutral
144,surprise
145,neutral
146,neutral
147,neutral
148,surprise
149,surprise
150,neutral
151,neutral
152,neutral
153,neutral
154,neutral
155,neutral
156,neutral
157,neutral
158,neutral
159,neutral
160,neutral
161,neutral
162,surprise
163,joy
164,surprise
165,anger
166,non-neutral
167,neutral
168,neutral
169,non-neutral
170,surprise
171,neutral
172,neutral
173,neutral
174,non-neutral
175,neutral
176,neutral
177,neutral
178,neutral
179,neutral
180,neutral
181,neutral
182,neutral
183,neutral
184,neutral
185,neutral
186,neutral
187,neutral
188,neutral
189,neutral
190,neutral
191,neutral
192,neutral
193,neutral
194,neutral
195,neutral
196,joy
197,neutral
198,neutral
199,surprise
200,surprise
201,surprise
202,surprise
203,neutral
204,neutral
205,non-neutral
206,neutral
207,neutral
208,neutral
209,neutral
210,surprise
211,joy
212,non-neutral
213,neutral
214,neutral
215,neutral
216,neutral
217,neutral
218,neutral
219,non-neutral
220,joy
221,neutral
222,neutral
223,neutral
224,neutral
225,neutral
226,sadness
227,neutral
228,surprise
229,neutral
230,neutral
231,neutral
232,neutral
233,surprise
234,neutral
235,surprise
236,neutral
237,anger
238,surprise
239,neutral
240,neutral
241,anger
242,joy
243,neutral
244,non-neutral
245,neutral
246,sadness
247,neutral
248,sadness
249,joy
250,joy
251,joy
252,joy
253,neutral
254,surprise
255,anger
256,neutral
257,neutral
258,neutral
259,non-neutral
260,neutral
261,neutral
262,neutral
263,neutral
264,neutral
265,surprise
266,non-neutral
267,surprise
268,neutral
269,non-neutral
270,neutral
271,neutral
272,anger
273,neutral
274,joy
275,neutral
276,non-neutral
277,neutral
278,neutral
279,neutral
280,neutral
281,neutral
282,joy
283,neutral
284,neutral
285,neutral
286,joy
287,neutral
288,joy
289,joy
290,joy
291,neutral
292,neutral
293,neutral
294,neutral
295,neutral
296,non-neutral
297,neutral
298,neutral
299,neutral
300,neutral
301,neutral
302,neutral
303,neutral
304,neutral
305,surprise
306,neutral
307,sadness
308,joy
309,neutral
310,neutral
311,joy
312,neutral
313,neutral
314,neutral
315,neutral
316,non-neutral
317,neutral
318,surprise
319,neutral
320,neutral
321,surprise
322,non-neutral
323,neutral
324,neutral
325,joy
326,anger
327,neutral
328,neutral
329,neutral
330,neutral
331,neutral
332,non-neutral
333,non-neutral
334,neutral
335,non-neutral
336,neutral
337,neutral
338,neutral
339,neutral
340,non-neutral
341,non-neutral
342,neutral
343,neutral
344,joy
345,joy
346,joy
347,neutral
348,neutral
349,surprise
350,surprise
351,non-neutral
352,neutral
353,surprise
354,neutral
355,neutral
356,neutral
357,surprise
358,non-neutral
359,neutral
360,neutral
361,surprise
362,neutral
363,surprise
364,neutral
365,neutral
366,surprise
367,neutral
368,neutral
369,neutral
370,neutral
371,sadness
372,joy
373,neutral
374,neutral
375,neutral
376,neutral
377,neutral
378,surprise
379,surprise
380,surprise
381,neutral
382,neutral
383,joy
384,neutral
385,neutral
386,surprise
387,neutral
388,neutral
389,neutral
390,neutral
391,non-neutral
392,non-neutral
393,sadness
394,sadness
395,surprise
396,neutral
397,neutral
398,anger
399,non-neutral
400,non-neutral
401,joy
402,disgust
403,anger
404,joy
405,neutral
406,non-neutral
407,non-neutral
408,non-neutral
409,anger
410,anger
411,surprise
412,neutral
413,joy
414,neutral
415,neutral
416,neutral
417,sadness
418,neutral
419,neutral
420,neutral
421,neutral
422,neutral
423,surprise
424,neutral
425,neutral
426,joy
427,neutral
428,non-neutral
429,neutral
430,neutral
431,neutral
432,neutral
433,neutral
434,neutral
435,neutral
436,neutral
437,neutral
438,neutral
439,neutral
440,neutral
441,neutral
442,neutral
443,neutral
444,non-neutral
445,joy
446,non-neutral
447,neutral
448,neutral
449,joy
450,neutral
451,neutral
452,neutral
453,neutral
454,neutral
455,neutral
456,neutral
457,neutral
458,neutral
459,joy
460,joy
461,non-neutral
462,neutral
463,neutral
464,joy
465,neutral
466,neutral
467,neutral
468,neutral
469,neutral
470,neutral
471,neutral
472,surprise
473,non-neutral
474,neutral
475,neutral
476,non-neutral
477,joy
478,anger
479,neutral
480,non-neutral
481,surprise
482,neutral
483,neutral
484,joy
485,neutral
486,neutral
487,neutral
488,joy
489,neutral
490,neutral
491,neutral
492,neutral
493,anger
494,neutral
495,non-neutral
496,non-neutral
497,non-neutral
498,joy
499,neutral
500,neutral
501,neutral
502,joy
503,neutral
504,neutral
505,surprise
506,neutral
507,neutral
508,neutral
509,neutral
510,neutral
511,neutral
512,neutral
513,neutral
514,sadness
515,surprise
516,neutral
517,neutral
518,surprise
519,neutral
520,neutral
521,neutral
522,neutral
523,neutral
524,neutral
525,neutral
526,anger
527,neutral
528,neutral
529,neutral
530,neutral
531,neutral
532,neutral
533,neutral
534,surprise
535,joy
536,neutral
537,neutral
538,non-neutral
539,neutral
540,surprise
541,non-neutral
542,neutral
543,neutral
544,neutral
545,neutral
546,neutral
547,neutral
548,neutral
549,joy
550,neutral
551,neutral
552,non-neutral
553,joy
554,joy
555,sadness
556,non-neutral
557,neutral
558,non-neutral
559,neutral
560,sadness
561,neutral
562,surprise
563,non-neutral
564,joy
565,non-neutral
566,joy
567,surprise
568,neutral
569,joy
570,neutral
571,neutral
572,neutral
573,surprise
574,surprise
575,neutral
576,surprise
577,neutral
578,surprise
579,surprise
580,neutral
581,neutral
582,surprise
583,surprise
584,neutral
585,neutral
586,surprise
587,neutral
588,neutral
589,neutral
590,surprise
591,surprise
592,non-neutral
593,surprise
594,non-neutral
595,neutral
596,surprise
597,non-neutral
598,anger
599,anger
600,neutral
601,neutral
602,neutral
603,surprise
604,neutral
605,surprise
606,sadness
607,neutral
608,neutral
609,sadness
610,neutral
611,sadness
612,neutral
613,neutral
614,surprise
615,neutral
616,neutral
617,neutral
618,surprise
619,neutral
620,neutral
621,joy
622,surprise
623,neutral
624,neutral
625,neutral
626,neutral
627,neutral
628,surprise
629,neutral
630,neutral
631,neutral
632,non-neutral
633,non-neutral
634,non-neutral
635,neutral
636,neutral
637,neutral
638,neutral
639,joy
640,neutral
641,non-neutral
642,surprise
643,neutral
644,neutral
645,neutral
646,neutral
647,surprise
648,joy
649,sadness
650,neutral
651,neutral
652,neutral
653,neutral
654,joy
655,sadness
656,surprise
657,neutral
658,joy
659,joy
660,neutral
661,joy
662,anger
663,neutral
664,anger
665,neutral
666,non-neutral
667,neutral
668,surprise
669,surprise
670,joy
671,joy
672,neutral
673,neutral
674,neutral
675,neutral
676,anger
677,neutral
678,neutral
679,non-neutral
680,surprise
681,non-neutral
682,surprise
683,neutral
684,surprise
685,surprise
686,surprise
687,sadness
688,neutral
689,neutral
690,neutral
691,neutral
692,non-neutral
693,neutral
694,neutral
695,neutral
696,neutral
697,neutral
698,surprise
699,neutral
700,neutral
701,neutral
702,joy
703,neutral
704,neutral
705,neutral
706,neutral
707,neutral
708,neutral
709,neutral
710,neutral
711,non-neutral
712,neutral
713,neutral
714,surprise
715,non-neutral
716,neutral
717,neutral
718,neutral
719,non-neutral
720,surprise
721,non-neutral
722,surprise
723,neutral
724,surprise
725,surprise
726,surprise
727,surprise
728,surprise
729,sadness
730,neutral
731,neutral
732,neutral
733,neutral
734,surprise
735,neutral
736,neutral
737,neutral
738,neutral
739,joy
740,neutral
741,neutral
742,neutral
743,surprise
744,surprise
745,neutral
746,surprise
747,neutral
748,surprise
749,neutral
750,neutral
751,non-neutral
752,neutral
753,surprise
754,sadness
755,neutral
756,neutral
757,neutral
758,neutral
759,anger
760,neutral
761,anger
762,neutral
763,neutral
764,neutral
765,neutral
766,neutral
767,neutral
768,neutral
769,joy
770,joy
771,neutral
772,neutral
773,neutral
774,anger
775,non-neutral
776,sadness
777,non-neutral
778,non-neutral
779,non-neutral
780,non-neutral
781,joy
782,neutral
783,neutral
784,neutral
785,anger
786,anger
787,surprise
788,anger
789,surprise
790,neutral
791,neutral
792,non-neutral
793,neutral
794,anger
795,non-neutral
796,joy
797,neutral
798,surprise
799,joy
800,surprise
801,neutral
802,sadness
803,anger
804,neutral
805,non-neutral
806,neutral
807,neutral
808,non-neutral
809,neutral
810,neutral
811,neutral
812,sadness
813,non-neutral
814,neutral
815,neutral
816,non-neutral
817,neutral
818,surprise
819,neutral
820,neutral
821,neutral
822,non-neutral
823,neutral
824,joy
825,neutral
826,neutral
827,joy
828,joy
829,joy
830,joy
831,neutral
832,neutral
833,neutral
834,neutral
835,non-neutral
836,sadness
837,sadness
838,neutral
839,neutral
840,neutral
841,neutral
842,sadness
843,non-neutral
844,neutral
845,neutral
846,non-neutral
847,surprise
848,neutral
849,neutral
850,non-neutral
851,joy
852,neutral
853,neutral
854,neutral
855,anger
856,joy
857,neutral
858,joy
859,neutral
860,neutral
861,neutral
862,neutral
863,neutral
864,neutral
865,non-neutral
866,neutral
867,neutral
868,neutral
869,neutral
870,non-neutral
871,neutral
872,neutral
873,surprise
874,surprise
875,neutral
876,surprise
877,neutral
878,neutral
879,neutral
880,sadness
881,neutral
882,neutral
883,joy
884,neutral
885,neutral
886,neutral
887,surprise
888,neutral
889,non-neutral
890,neutral
891,surprise
892,joy
893,neutral
894,neutral
895,surprise
896,joy
897,neutral
898,neutral
899,neutral
900,neutral
901,neutral
902,joy
903,joy
904,joy
905,surprise
906,non-neutral
907,surprise
908,non-neutral
909,neutral
910,neutral
911,neutral
912,non-neutral
913,non-neutral
914,joy
915,neutral
916,joy
917,anger
918,surprise
919,surprise
920,neutral
921,surprise
922,non-neutral
923,surprise
924,non-neutral
925,neutral
926,anger
927,anger
928,neutral
929,neutral
930,neutral
931,surprise
932,joy
933,neutral
934,joy
935,non-neutral
936,surprise
937,joy
938,neutral
939,non-neutral
940,neutral
941,neutral
942,neutral
943,anger
944,non-neutral
945,neutral
946,non-neutral
947,neutral
948,surprise
949,non-neutral
950,surprise
951,anger
952,surprise
953,surprise
954,neutral
955,neutral
956,neutral
957,neutral
958,non-neutral
959,non-neutral
960,neutral
961,neutral
962,neutral
963,neutral
964,neutral
965,non-neutral
966,surprise
967,surprise
968,surprise
969,joy
970,surprise
971,non-neutral
972,non-neutral
973,neutral
974,neutral
975,neutral
976,joy
977,neutral
978,neutral
979,neutral
980,non-neutral
981,non-neutral
982,non-neutral
983,neutral
984,neutral
985,non-neutral
986,neutral
987,neutral
988,neutral
989,neutral
990,neutral
991,joy
992,neutral
993,neutral
994,neutral
995,neutral
996,neutral
997,surprise
998,neutral
999,neutral
1000,neutral
1001,neutral
1002,neutral
1003,neutral
1004,surprise
1005,neutral
1006,neutral
1007,neutral
1008,surprise
1009,neutral
1010,neutral
1011,neutral
1012,neutral
1013,neutral
1014,neutral
1015,joy
1016,non-neutral
1017,neutral
1018,neutral
1019,non-neutral
1020,non-neutral
1021,neutral
1022,neutral
1023,neutral
1024,neutral
1025,neutral
1026,surprise
1027,neutral
1028,neutral
1029,joy
1030,neutral
1031,neutral
1032,non-neutral
1033,surprise
1034,neutral
1035,joy
1036,joy
1037,neutral
1038,neutral
1039,sadness
1040,joy
1041,neutral
1042,neutral
1043,neutral
1044,joy
1045,surprise
1046,surprise
1047,non-neutral
1048,non-neutral
1049,surprise
1050,neutral
1051,non-neutral
1052,surprise
1053,neutral
1054,anger
1055,non-neutral
1056,non-neutral
1057,neutral
1058,neutral
1059,neutral
1060,neutral
1061,neutral
1062,neutral
1063,neutral
1064,joy
1065,joy
1066,joy
1067,neutral
1068,neutral
1069,neutral
1070,surprise
1071,surprise
1072,neutral
1073,neutral
1074,neutral
1075,surprise
1076,surprise
1077,joy
1078,neutral
1079,neutral
1080,disgust
1081,neutral
1082,neutral
1083,neutral
1084,neutral
1085,neutral
1086,neutral
1087,neutral
1088,neutral
1089,neutral
1090,neutral
1091,joy
1092,surprise
1093,neutral
1094,anger
1095,neutral
1096,neutral
1097,neutral
1098,neutral
1099,neutral
1100,sadness
1101,neutral
1102,neutral
1103,neutral
1104,neutral
1105,neutral
1106,neutral
1107,neutral
1108,neutral
1109,neutral
1110,neutral
1111,sadness
1112,surprise
1113,joy
1114,surprise
1115,neutral
1116,neutral
1117,non-neutral
1118,neutral
1119,neutral
1120,neutral
1121,neutral
1122,neutral
1123,neutral
1124,neutral
1125,neutral
1126,neutral
1127,neutral
1128,neutral
1129,neutral
1130,neutral
1131,neutral
1132,joy
1133,non-neutral
1134,neutral
1135,non-neutral
1136,neutral
1137,surprise
1138,non-neutral
1139,joy
1140,neutral
1141,neutral
1142,neutral
1143,neutral
1144,neutral
1145,neutral
1146,neutral
1147,surprise
1148,non-neutral
1149,neutral
1150,anger
1151,neutral
1152,surprise
1153,neutral
1154,neutral
1155,neutral
1156,joy
1157,anger
1158,anger
1159,non-neutral
1160,non-neutral
1161,neutral
1162,anger
1163,sadness
1164,sadness
1165,neutral
1166,surprise
1167,neutral
1168,anger
1169,surprise
1170,surprise
1171,non-neutral
1172,anger
1173,neutral
1174,non-neutral
1175,neutral
1176,non-neutral
1177,neutral
1178,surprise
1179,neutral
1180,neutral
1181,surprise
1182,neutral
1183,neutral
1184,neutral
1185,neutral
1186,neutral
1187,neutral
1188,surprise
1189,surprise
1190,surprise
1191,non-neutral
1192,neutral
1193,surprise
1194,neutral
1195,neutral
1196,sadness
1197,neutral
1198,neutral
1199,neutral
1200,surprise
1201,neutral
1202,joy
1203,neutral
1204,sadness
1205,joy
1206,neutral
1207,neutral
1208,non-neutral
1209,neutral
1210,neutral
1211,joy
1212,neutral
1213,joy
1214,neutral
1215,neutral
1216,joy
1217,joy
1218,anger
1219,neutral
1220,joy
1221,neutral
1222,surprise
1223,neutral
1224,surprise
1225,joy
1226,neutral
1227,joy
1228,sadness
1229,neutral
1230,neutral
1231,neutral
1232,neutral
1233,anger
1234,joy
1235,neutral
1236,neutral
1237,joy
1238,neutral
1239,joy
1240,surprise
1241,neutral
1242,sadness
1243,neutral
1244,neutral
1245,anger
1246,neutral
1247,anger
1248,neutral
1249,anger
1250,surprise
1251,neutral
1252,surprise
1253,non-neutral
1254,non-neutral
1255,surprise
1256,neutral
1257,neutral
1258,joy
1259,neutral
1260,neutral
1261,non-neutral
1262,neutral
1263,neutral
1264,joy
1265,surprise
1266,surprise
1267,neutral
1268,surprise
1269,surprise
1270,neutral
1271,neutral
1272,neutral
1273,joy
1274,joy
1275,neutral
1276,joy
1277,neutral
1278,neutral
1279,neutral
1280,neutral
1281,surprise
1282,neutral
1283,surprise
1284,non-neutral
1285,neutral
1286,joy
1287,neutral
1288,neutral
1289,joy
1290,surprise
1291,non-neutral
1292,surprise
1293,neutral
1294,surprise
1295,surprise
1296,non-neutral
1297,disgust
1298,surprise
1299,neutral
1300,neutral
1301,joy
1302,neutral
1303,joy
1304,neutral
1305,neutral
1306,neutral
1307,neutral
1308,surprise
1309,surprise
1310,surprise
1311,neutral
1312,surprise
1313,joy
1314,non-neutral
1315,non-neutral
1316,surprise
1317,neutral
1318,neutral
1319,neutral
1320,non-neutral
1321,joy
1322,non-neutral
1323,neutral
1324,neutral
1325,sadness
1326,non-neutral
1327,non-neutral
1328,surprise
1329,neutral
1330,non-neutral
1331,neutral
1332,neutral
1333,neutral
1334,disgust
1335,joy
1336,surprise
1337,neutral
1338,neutral
1339,neutral
1340,surprise
1341,neutral
1342,neutral
1343,surprise
1344,sadness
1345,joy
1346,surprise
1347,surprise
1348,surprise
1349,anger
1350,non-neutral
1351,neutral
1352,neutral
1353,neutral
1354,neutral
1355,neutral
1356,neutral
1357,neutral
1358,neutral
1359,neutral
1360,neutral
1361,surprise
1362,sadness
1363,neutral
1364,neutral
1365,neutral
1366,neutral
1367,neutral
1368,neutral
1369,neutral
1370,neutral
1371,surprise
1372,neutral
1373,neutral
1374,neutral
1375,joy
1376,surprise
1377,joy
1378,neutral
1379,neutral
1380,non-neutral
1381,neutral
1382,neutral
1383,neutral
1384,neutral
1385,neutral
1386,neutral
1387,non-neutral
1388,surprise
1389,neutral
1390,neutral
1391,anger
1392,non-neutral
1393,anger
1394,non-neutral
1395,neutral
1396,neutral
1397,neutral
1398,neutral
1399,neutral
1400,neutral
1401,neutral
1402,surprise
1403,neutral
1404,surprise
1405,joy
1406,joy
1407,joy
1408,neutral
1409,neutral
1410,non-neutral
1411,joy
1412,joy
1413,surprise
1414,surprise
1415,non-neutral
1416,non-neutral
1417,surprise
1418,neutral
1419,surprise
1420,non-neutral
1421,surprise
1422,neutral
1423,neutral
1424,neutral
1425,neutral
1426,neutral
1427,neutral
1428,sadness
1429,joy
1430,neutral
1431,neutral
1432,neutral
1433,joy
1434,surprise
1435,neutral
1436,surprise
1437,neutral
1438,surprise
1439,surprise
1440,joy
1441,joy
1442,joy
1443,neutral
1444,neutral
1445,surprise
1446,non-neutral
1447,neutral
1448,neutral
1449,neutral
1450,neutral
1451,neutral
1452,neutral
1453,neutral
1454,neutral
1455,surprise
1456,joy
1457,surprise
1458,neutral
1459,non-neutral
1460,neutral
1461,non-neutral
1462,neutral
1463,non-neutral
1464,non-neutral
1465,surprise
1466,neutral
1467,surprise
1468,surprise
1469,neutral
1470,neutral
1471,neutral
1472,joy
1473,joy
1474,neutral
1475,neutral
1476,neutral
1477,neutral
1478,neutral
1479,non-neutral
1480,neutral
1481,neutral
1482,neutral
1483,non-neutral
1484,anger
1485,neutral
1486,neutral
1487,joy
1488,neutral
1489,non-neutral
1490,neutral
1491,non-neutral
1492,anger
1493,surprise
1494,non-neutral
1495,neutral
1496,surprise
1497,surprise
1498,joy
1499,surprise
1500,joy
1501,surprise
1502,surprise
1503,neutral
1504,neutral
1505,neutral
1506,neutral
1507,neutral
1508,joy
1509,neutral
1510,non-neutral
1511,neutral
1512,anger
1513,neutral
1514,neutral
1515,neutral
1516,neutral
1517,anger
1518,surprise
1519,neutral
1520,surprise
1521,non-neutral
1522,neutral
1523,sadness
1524,neutral
1525,non-neutral
1526,anger
1527,neutral
1528,neutral
1529,neutral
1530,neutral
1531,neutral
1532,neutral
1533,neutral
1534,non-neutral
1535,non-neutral
1536,neutral
1537,surprise
1538,surprise
1539,sadness
1540,neutral
1541,neutral
1542,joy
1543,neutral
1544,surprise
1545,neutral
1546,neutral
1547,joy
1548,neutral
1549,surprise
1550,non-neutral
1551,non-neutral
1552,neutral
1553,neutral
1554,surprise
1555,surprise
1556,surprise
1557,surprise
1558,non-neutral
1559,surprise
1560,joy
1561,neutral
1562,neutral
1563,neutral
1564,neutral
1565,neutral
1566,neutral
1567,neutral
1568,neutral
1569,neutral
1570,neutral
1571,surprise
1572,neutral
1573,neutral
1574,joy
1575,surprise
1576,neutral
1577,neutral
1578,neutral
1579,anger
1580,non-neutral
1581,neutral
1582,non-neutral
1583,surprise
1584,joy
1585,surprise
1586,surprise
1587,surprise
1588,neutral
1589,non-neutral
1590,neutral
1591,joy
1592,neutral
1593,neutral
1594,non-neutral
1595,surprise
1596,neutral
1597,surprise
1598,neutral
1599,non-neutral
1600,neutral
1601,anger
1602,neutral
1603,neutral
1604,surprise
1605,neutral
1606,neutral
1607,neutral
1608,neutral
1609,neutral
1610,neutral
1611,surprise
1612,neutral
1613,non-neutral
1614,non-neutral
1615,neutral
1616,neutral
1617,sadness
1618,non-neutral
1619,joy
1620,neutral
1621,neutral
1622,joy
1623,neutral
1624,anger
1625,neutral
1626,neutral
1627,neutral
1628,neutral
1629,neutral
1630,neutral
1631,neutral
1632,neutral
1633,neutral
1634,neutral
1635,neutral
1636,neutral
1637,neutral
1638,neutral
1639,neutral
1640,neutral
1641,neutral
1642,surprise
1643,neutral
1644,neutral
1645,neutral
1646,neutral
1647,non-neutral
1648,neutral
1649,non-neutral
1650,neutral
1651,non-neutral
1652,sadness
1653,sadness
1654,joy
1655,non-neutral
1656,non-neutral
1657,joy
1658,neutral
1659,neutral
1660,neutral
1661,neutral
1662,neutral
1663,neutral
1664,neutral
1665,surprise
1666,neutral
1667,surprise
1668,neutral
1669,surprise
1670,neutral
1671,joy
1672,neutral
1673,surprise
1674,neutral
1675,neutral
1676,joy
1677,anger
1678,non-neutral
1679,surprise
1680,neutral
1681,anger
1682,neutral
1683,neutral
1684,neutral
1685,non-neutral
1686,joy
1687,non-neutral
1688,non-neutral
1689,neutral
1690,non-neutral
1691,joy
1692,joy
1693,anger
1694,neutral
1695,neutral
1696,neutral
1697,joy
1698,surprise
1699,surprise
1700,joy
1701,neutral
1702,neutral
1703,neutral
1704,surprise
1705,non-neutral
1706,surprise
1707,non-neutral
1708,neutral
1709,neutral
1710,neutral
1711,neutral
1712,neutral
1713,neutral
1714,neutral
1715,neutral
1716,neutral
1717,joy
1718,neutral
1719,joy
1720,joy
1721,joy
1722,neutral
1723,neutral
1724,neutral
1725,surprise
1726,neutral
1727,neutral
1728,neutral
1729,neutral
1730,non-neutral
1731,neutral
1732,neutral
1733,neutral
1734,neutral
1735,neutral
1736,surprise
1737,joy
1738,non-neutral
1739,neutral
1740,neutral
1741,neutral
1742,joy
1743,neutral
1744,neutral
1745,neutral
1746,anger
1747,joy
1748,neutral
1749,neutral
1750,neutral
1751,neutral
1752,neutral
1753,neutral
1754,neutral
1755,neutral
1756,neutral
1757,joy
1758,surprise
1759,neutral
1760,neutral
1761,neutral
1762,joy
1763,joy
1764,neutral
1765,neutral
1766,neutral
1767,joy
1768,non-neutral
1769,neutral
1770,neutral
1771,neutral
1772,neutral
1773,neutral
1774,neutral
1775,non-neutral
1776,neutral
1777,non-neutral
1778,neutral
1779,neutral
1780,neutral
1781,neutral
1782,neutral
1783,joy
1784,joy
1785,neutral
1786,neutral
1787,neutral
1788,anger
1789,joy
1790,joy
1791,neutral
1792,joy
1793,neutral
1794,disgust
1795,non-neutral
1796,neutral
1797,neutral
1798,neutral
1799,neutral
1800,neutral
1801,neutral
1802,neutral
1803,neutral
1804,neutral
1805,neutral
1806,neutral
1807,neutral
1808,neutral
1809,neutral
1810,neutral
1811,non-neutral
1812,sadness
1813,non-neutral
1814,neutral
1815,neutral
1816,surprise
1817,neutral
1818,neutral
1819,joy
1820,neutral
1821,joy
1822,neutral
1823,joy
1824,neutral
1825,neutral
1826,neutral
1827,neutral
1828,joy
1829,neutral
1830,neutral
1831,neutral
1832,neutral
1833,surprise
1834,neutral
1835,anger
1836,neutral
1837,neutral
1838,neutral
1839,neutral
1840,surprise
1841,neutral
1842,neutral
1843,neutral
1844,neutral
1845,neutral
1846,surprise
1847,neutral
1848,neutral
1849,neutral
1850,neutral
1851,neutral
1852,joy
1853,non-neutral
1854,non-neutral
1855,neutral
1856,surprise
1857,non-neutral
1858,neutral
1859,neutral
1860,non-neutral
1861,neutral
1862,neutral
1863,neutral
1864,neutral
1865,neutral
1866,neutral
1867,neutral
1868,neutral
1869,neutral
1870,neutral
1871,neutral
1872,neutral
1873,neutral
1874,surprise
1875,neutral
1876,joy
1877,anger
1878,non-neutral
1879,neutral
1880,neutral
1881,neutral
1882,neutral
1883,neutral
1884,anger
1885,neutral
1886,neutral
1887,neutral
1888,neutral
1889,surprise
1890,neutral
1891,neutral
1892,joy
1893,neutral
1894,surprise
1895,neutral
1896,joy
1897,neutral
1898,neutral
1899,neutral
1900,neutral
1901,neutral
1902,neutral
1903,joy
1904,neutral
1905,non-neutral
1906,neutral
1907,neutral
1908,non-neutral
1909,neutral
1910,neutral
1911,neutral
1912,neutral
1913,neutral
1914,neutral
1915,neutral
1916,neutral
1917,neutral
1918,neutral
1919,neutral
1920,neutral
1921,neutral
1922,neutral
1923,neutral
1924,joy
1925,neutral
1926,neutral
1927,non-neutral
1928,joy
1929,neutral
1930,neutral
1931,neutral
1932,surprise
1933,neutral
1934,neutral
1935,neutral
1936,neutral
1937,neutral
1938,neutral
1939,neutral
1940,neutral
1941,sadness
1942,neutral
1943,non-neutral
1944,non-neutral
1945,surprise
1946,joy
1947,neutral
1948,neutral
1949,neutral
1950,surprise
1951,surprise
1952,neutral
1953,neutral
1954,neutral
1955,neutral
1956,neutral
1957,neutral
1958,neutral
1959,joy
1960,surprise
1961,surprise
1962,surprise
1963,neutral
1964,non-neutral
1965,neutral
1966,surprise
1967,neutral
1968,neutral
1969,neutral
1970,neutral
1971,surprise
1972,neutral
1973,surprise
1974,joy
1975,joy
1976,neutral
1977,anger
1978,neutral
1979,surprise
1980,surprise
1981,joy
1982,neutral
1983,neutral
1984,neutral
1985,neutral
1986,neutral
1987,neutral
1988,non-neutral
1989,neutral
1990,surprise
1991,neutral
1992,joy
1993,neutral
1994,neutral
1995,joy
1996,neutral
1997,surprise
1998,neutral
1999,neutral
2000,neutral
2001,neutral
2002,surprise
2003,neutral
2004,neutral
2005,sadness
2006,joy
2007,joy
2008,sadness
2009,neutral
2010,neutral
2011,neutral
2012,neutral
2013,neutral
2014,non-neutral
2015,surprise
2016,neutral
2017,neutral
2018,non-neutral
2019,neutral
2020,neutral
2021,surprise
2022,neutral
2023,neutral
2024,neutral
2025,non-neutral
2026,anger
2027,anger
2028,non-neutral
2029,non-neutral
2030,non-neutral
2031,anger
2032,neutral
2033,joy
2034,neutral
2035,neutral
2036,neutral
2037,neutral
2038,surprise
2039,neutral
2040,joy
2041,neutral
2042,surprise
2043,non-neutral
2044,neutral
2045,non-neutral
2046,neutral
2047,neutral
2048,surprise
2049,neutral
2050,neutral
2051,joy
2052,joy
2053,neutral
2054,neutral
2055,non-neutral
2056,anger
2057,neutral
2058,neutral
2059,neutral
2060,surprise
2061,anger
2062,neutral
2063,neutral
2064,surprise
2065,joy
2066,joy
2067,neutral
2068,neutral
2069,neutral
2070,neutral
2071,surprise
2072,neutral
2073,neutral
2074,sadness
2075,neutral
2076,surprise
2077,neutral
2078,neutral
2079,neutral
2080,neutral
2081,neutral
2082,surprise
2083,anger
2084,neutral
2085,neutral
2086,neutral
2087,neutral
2088,surprise
2089,anger
2090,neutral
2091,joy
2092,neutral
2093,neutral
2094,neutral
2095,surprise
2096,neutral
2097,neutral
2098,joy
2099,non-neutral
2100,non-neutral
2101,joy
2102,neutral
2103,neutral
2104,neutral
2105,joy
2106,joy
2107,joy
2108,anger
2109,neutral
2110,neutral
2111,surprise
2112,neutral
2113,neutral
2114,neutral
2115,neutral
2116,neutral
2117,anger
2118,anger
2119,neutral
2120,non-neutral
2121,neutral
2122,non-neutral
2123,anger
2124,joy
2125,neutral
2126,neutral
2127,neutral
2128,neutral
2129,joy
2130,surprise
2131,non-neutral
2132,anger
2133,anger
2134,surprise
2135,anger
2136,neutral
2137,surprise
2138,surprise
2139,sadness
2140,surprise
2141,neutral
2142,neutral
2143,neutral
2144,neutral
2145,neutral
2146,neutral
2147,joy
2148,surprise
2149,neutral
2150,neutral
2151,neutral
2152,non-neutral
2153,surprise
2154,neutral
2155,joy
2156,neutral
2157,surprise
2158,neutral
2159,neutral
2160,anger
2161,neutral
2162,surprise
2163,surprise
2164,neutral
2165,neutral
2166,neutral
2167,neutral
2168,neutral
2169,neutral
2170,neutral
2171,neutral
2172,non-neutral
2173,surprise
2174,neutral
2175,neutral
2176,neutral
2177,neutral
2178,neutral
2179,neutral
2180,non-neutral
2181,neutral
2182,sadness
2183,neutral
2184,neutral
2185,neutral
2186,neutral
2187,surprise
2188,neutral
2189,non-neutral
2190,neutral
2191,non-neutral
2192,neutral
2193,neutral
2194,neutral
2195,neutral
2196,neutral
2197,surprise
2198,neutral
2199,non-neutral
2200,neutral
2201,neutral
2202,neutral
2203,surprise
2204,joy
2205,surprise
2206,surprise
2207,surprise
2208,joy
2209,neutral
2210,surprise
2211,neutral
2212,non-neutral
2213,anger
2214,surprise
2215,anger
2216,anger
2217,anger
2218,neutral
2219,joy
2220,non-neutral
2221,neutral
2222,joy
2223,joy
2224,joy
2225,neutral
2226,neutral
2227,neutral
2228,neutral
2229,neutral
2230,neutral
2231,neutral
2232,surprise
2233,neutral
2234,non-neutral
2235,neutral
2236,neutral
2237,neutral
2238,sadness
2239,neutral
2240,anger
2241,surprise
2242,non-neutral
2243,neutral
2244,neutral
2245,neutral
2246,neutral
2247,neutral
2248,surprise
2249,neutral
2250,neutral
2251,non-neutral
2252,joy
2253,non-neutral
2254,neutral
2255,neutral
2256,neutral
2257,neutral
2258,joy
2259,neutral
2260,neutral
2261,neutral
2262,neutral
2263,neutral
2264,anger
2265,neutral
2266,neutral
2267,surprise
2268,neutral
2269,neutral
2270,surprise
2271,neutral
2272,surprise
2273,neutral
2274,sadness
2275,neutral
2276,joy
2277,surprise
2278,neutral
2279,neutral
2280,neutral
2281,joy
2282,surprise
2283,non-neutral
2284,neutral
2285,neutral
2286,anger
2287,neutral
2288,non-neutral
2289,neutral
2290,neutral
2291,neutral
2292,neutral
2293,non-neutral
2294,joy
2295,joy
2296,joy
2297,joy
2298,anger
2299,neutral
2300,neutral
2301,neutral
2302,joy
2303,neutral
2304,neutral
2305,joy
2306,neutral
2307,neutral
2308,surprise
2309,neutral
2310,neutral
2311,neutral
2312,neutral
2313,sadness
2314,neutral
2315,anger
2316,neutral
2317,non-neutral
2318,neutral
2319,non-neutral
2320,neutral
2321,joy
2322,neutral
2323,surprise
2324,surprise
2325,surprise
2326,surprise
2327,anger
2328,joy
2329,joy
2330,neutral
2331,neutral
2332,neutral
2333,joy
2334,neutral
2335,surprise
2336,neutral
2337,joy
2338,joy
2339,non-neutral
2340,joy
2341,neutral
2342,neutral
2343,non-neutral
2344,surprise
2345,joy
2346,surprise
2347,neutral
2348,joy
2349,neutral
2350,surprise
2351,neutral
2352,neutral
2353,surprise
2354,neutral
2355,surprise
2356,neutral
2357,non-neutral
2358,neutral
2359,sadness
2360,neutral
2361,joy
2362,neutral
2363,surprise
2364,neutral
2365,surprise
2366,neutral
2367,non-neutral
2368,neutral
2369,non-neutral
2370,neutral
2371,neutral
2372,neutral
2373,neutral
2374,neutral
2375,neutral
2376,joy
2377,neutral
2378,neutral
2379,neutral
2380,neutral
2381,joy
2382,sadness
2383,neutral
2384,neutral
2385,neutral
2386,neutral
2387,neutral
2388,non-neutral
2389,neutral
2390,neutral
2391,neutral
2392,neutral
2393,neutral
2394,neutral
2395,neutral
2396,neutral
2397,non-neutral
2398,neutral
2399,anger
2400,neutral
2401,neutral
2402,non-neutral
2403,joy
2404,neutral
2405,non-neutral
2406,joy
2407,neutral
2408,neutral
2409,surprise
2410,joy
2411,neutral
2412,neutral
2413,neutral
2414,neutral
2415,surprise
2416,surprise
2417,neutral
2418,neutral
2419,neutral
2420,surprise
2421,neutral
2422,surprise
2423,neutral
2424,neutral
2425,neutral
2426,neutral
2427,neutral
2428,neutral
2429,anger
2430,non-neutral
2431,surprise
2432,neutral
2433,neutral
2434,non-neutral
2435,joy
2436,neutral
2437,joy
2438,neutral
2439,neutral
2440,surprise
2441,neutral
2442,neutral
2443,neutral
2444,non-neutral
2445,neutral
2446,neutral
2447,neutral
2448,neutral
2449,surprise
2450,sadness
2451,sadness
2452,sadness
2453,joy
2454,neutral
2455,neutral
2456,neutral
2457,non-neutral
2458,surprise
2459,neutral
2460,neutral
2461,neutral
2462,neutral
2463,neutral
2464,neutral
2465,surprise
2466,surprise
2467,neutral
2468,neutral
2469,neutral
2470,neutral
2471,neutral
2472,neutral
2473,neutral
2474,neutral
2475,non-neutral
2476,neutral
2477,neutral
2478,neutral
2479,neutral
2480,non-neutral
2481,surprise
2482,neutral
2483,joy
2484,neutral
2485,neutral
2486,neutral
2487,neutral
2488,neutral
2489,neutral
2490,neutral
2491,joy
2492,surprise
2493,neutral
2494,neutral
2495,neutral
2496,neutral
2497,joy
2498,neutral
2499,neutral
2500,neutral
2501,anger
2502,neutral
2503,joy
2504,surprise
2505,joy
2506,surprise
2507,neutral
2508,neutral
2509,non-neutral
2510,neutral
2511,neutral
2512,anger
2513,neutral
2514,neutral
2515,surprise
2516,disgust
2517,non-neutral
2518,non-neutral
2519,neutral
2520,surprise
2521,neutral
2522,joy
2523,neutral
2524,neutral
2525,neutral
2526,non-neutral
2527,surprise
2528,surprise
2529,sadness
2530,joy
2531,surprise
2532,neutral
2533,non-neutral
2534,surprise
2535,joy
2536,surprise
2537,joy
2538,joy
2539,neutral
2540,joy
2541,joy
2542,neutral
2543,neutral
2544,neutral
2545,neutral
2546,neutral
2547,neutral
2548,neutral
2549,joy
2550,non-neutral
2551,non-neutral
2552,neutral
2553,joy
2554,neutral
2555,joy
2556,neutral
2557,neutral
2558,non-neutral
2559,neutral
2560,neutral
2561,neutral
2562,surprise
2563,non-neutral
2564,joy
2565,neutral
2566,neutral
2567,surprise
2568,neutral
2569,non-neutral
2570,non-neutral
2571,sadness
2572,surprise
2573,non-neutral
2574,anger
2575,joy
2576,neutral
2577,neutral
2578,neutral
2579,joy
2580,neutral
2581,neutral
2582,neutral
2583,joy
2584,neutral
2585,neutral
2586,neutral
2587,non-neutral
2588,joy
2589,neutral
2590,joy
2591,neutral
2592,joy
2593,joy
2594,neutral
2595,neutral
2596,joy
2597,non-neutral
2598,surprise
2599,non-neutral
2600,neutral
2601,neutral
2602,neutral
2603,neutral
2604,neutral
2605,non-neutral
2606,non-neutral
2607,surprise
2608,surprise
2609,anger
2610,non-neutral
2611,sadness
2612,neutral
2613,non-neutral
2614,joy
2615,surprise
2616,joy
2617,neutral
2618,neutral
2619,neutral
2620,neutral
2621,neutral
2622,neutral
2623,non-neutral
2624,neutral
2625,neutral
2626,neutral
2627,neutral
2628,neutral
2629,neutral
2630,neutral
2631,neutral
2632,surprise
2633,neutral
2634,neutral
2635,joy
2636,neutral
2637,neutral
2638,sadness
2639,surprise
2640,joy
2641,joy
2642,surprise
2643,joy
2644,neutral
2645,joy
2646,joy
2647,joy
2648,neutral
2649,neutral
2650,non-neutral
2651,neutral
2652,anger
2653,non-neutral
2654,anger
2655,neutral
2656,neutral
2657,neutral
2658,non-neutral
2659,anger
2660,neutral
2661,anger
2662,non-neutral
2663,neutral
2664,neutral
2665,anger
2666,neutral
2667,neutral
2668,neutral
2669,neutral
2670,anger
2671,anger
2672,joy
2673,neutral
2674,surprise
2675,non-neutral
2676,neutral
2677,neutral
2678,surprise
2679,neutral
2680,non-neutral
2681,sadness
2682,neutral
2683,neutral
2684,anger
2685,non-neutral
2686,non-neutral
2687,non-neutral
2688,neutral
2689,neutral
2690,non-neutral
2691,neutral
2692,neutral
2693,neutral
2694,joy
2695,surprise
2696,neutral
2697,non-neutral
2698,neutral
2699,surprise
2700,non-neutral
2701,non-neutral
2702,anger
2703,neutral
2704,neutral
2705,anger
2706,neutral
2707,neutral
2708,neutral
2709,surprise
2710,surprise
2711,surprise
2712,anger
2713,neutral
2714,anger
2715,anger
2716,neutral
2717,neutral
2718,neutral
2719,neutral
2720,anger
2721,surprise
2722,sadness
2723,neutral
2724,neutral
2725,neutral
2726,neutral
2727,neutral
2728,neutral
2729,neutral
2730,neutral
2731,neutral
2732,neutral
2733,surprise
2734,joy
2735,surprise
2736,joy
2737,neutral
2738,neutral
2739,neutral
2740,neutral
2741,neutral
2742,neutral
2743,joy
2744,joy
2745,neutral
2746,neutral
2747,neutral
2748,joy
2749,neutral
2750,neutral
2751,neutral
2752,neutral
2753,surprise
2754,neutral
2755,neutral
2756,sadness
2757,neutral
2758,neutral
2759,neutral
2760,neutral
2761,non-neutral
2762,neutral
2763,neutral
2764,neutral
2765,neutral
2766,neutral
2767,joy
2768,joy
2769,non-neutral
2770,joy
2771,non-neutral
2772,joy
2773,neutral
2774,anger
2775,neutral
2776,non-neutral
2777,neutral
2778,joy
2779,sadness
2780,surprise
2781,surprise
2782,non-neutral
2783,neutral
2784,surprise
2785,neutral
2786,anger
2787,anger
2788,surprise
2789,neutral
2790,joy
2791,joy
2792,surprise
2793,joy
2794,neutral
2795,neutral
2796,neutral
2797,surprise
2798,neutral
2799,surprise
2800,non-neutral
2801,surprise
2802,joy
2803,neutral
2804,joy
2805,neutral
2806,neutral
2807,neutral
2808,surprise
2809,sadness
2810,joy
2811,surprise
2812,neutral
2813,joy
2814,neutral
2815,joy
2816,surprise
2817,neutral
2818,neutral
2819,surprise
2820,neutral
2821,surprise
2822,neutral
2823,anger
2824,neutral
2825,neutral
2826,neutral
2827,neutral
2828,surprise
2829,neutral
2830,neutral
2831,sadness
2832,non-neutral
2833,neutral
2834,neutral
2835,neutral
2836,neutral
2837,non-neutral
2838,non-neutral
2839,surprise
2840,joy
2841,neutral
2842,sadness
2843,surprise
2844,surprise
2845,neutral
2846,neutral
2847,neutral
2848,anger
2849,surprise
2850,surprise
2851,surprise
2852,joy
2853,non-neutral
2854,neutral
2855,joy
2856,neutral
2857,neutral
2858,joy
2859,neutral
2860,neutral
2861,neutral
2862,neutral
2863,neutral
2864,neutral
2865,neutral
2866,neutral
2867,neutral
2868,neutral
2869,neutral
2870,joy
2871,neutral
2872,anger
2873,anger
2874,neutral
2875,non-neutral
2876,joy
2877,neutral
2878,neutral
2879,neutral
2880,neutral
2881,neutral
2882,neutral
2883,neutral
2884,neutral
2885,neutral
2886,sadness
2887,joy
2888,sadness
2889,neutral
2890,neutral
2891,neutral
2892,joy
2893,joy
2894,surprise
2895,surprise
2896,surprise
2897,neutral
2898,anger
2899,joy
2900,neutral
2901,neutral
2902,non-neutral
2903,non-neutral
2904,anger
2905,neutral
2906,non-neutral
2907,neutral
2908,surprise
2909,anger
2910,surprise
2911,non-neutral
2912,neutral
2913,neutral
2914,surprise
2915,neutral
2916,neutral
2917,joy
2918,neutral
2919,neutral
2920,neutral
2921,non-neutral
2922,neutral
2923,surprise
2924,non-neutral
2925,neutral
2926,neutral
2927,surprise
2928,surprise
2929,non-neutral
2930,non-neutral
2931,joy
2932,neutral
2933,neutral
2934,neutral
2935,surprise
2936,neutral
2937,surprise
2938,anger
2939,joy
2940,neutral
2941,neutral
2942,neutral
2943,neutral
2944,neutral
2945,neutral
2946,neutral
2947,neutral
2948,neutral
2949,anger
2950,surprise
2951,surprise
2952,sadness
2953,joy
2954,joy
2955,surprise
2956,neutral
2957,neutral
2958,neutral
2959,neutral
2960,neutral
2961,neutral
2962,surprise
2963,neutral
2964,non-neutral
2965,anger
2966,surprise
2967,surprise
2968,surprise
2969,non-neutral
2970,non-neutral
2971,anger
2972,non-neutral
2973,joy
2974,neutral
2975,neutral
2976,neutral
2977,anger
2978,non-neutral
2979,joy
2980,neutral
2981,neutral
2982,neutral
2983,neutral
2984,neutral
2985,neutral
2986,joy
2987,neutral
2988,neutral
2989,surprise
2990,surprise
2991,neutral
2992,neutral
2993,joy
2994,non-neutral
2995,neutral
2996,neutral
2997,neutral
2998,neutral
2999,surprise
3000,neutral
3001,non-neutral
3002,surprise
3003,anger
3004,neutral
3005,neutral
3006,neutral
3007,neutral
3008,joy
3009,joy
3010,neutral
3011,surprise
3012,neutral
3013,neutral
3014,neutral
3015,non-neutral
3016,non-neutral
3017,anger
3018,neutral
3019,neutral
3020,surprise
3021,neutral
3022,neutral
3023,neutral
3024,neutral
3025,neutral
3026,neutral
3027,neutral
3028,neutral
3029,neutral
3030,neutral
3031,neutral
3032,neutral
3033,neutral
3034,joy
3035,neutral
3036,neutral
3037,neutral
3038,neutral
3039,surprise
3040,neutral
3041,neutral
3042,non-neutral
3043,neutral
3044,neutral
3045,neutral
3046,neutral
3047,neutral
3048,neutral
3049,non-neutral
3050,neutral
3051,neutral
3052,neutral
3053,non-neutral
3054,sadness
3055,non-neutral
3056,non-neutral
3057,joy
3058,joy
3059,surprise
3060,neutral
3061,neutral
3062,neutral
3063,neutral
3064,neutral
3065,joy
3066,neutral
3067,neutral
3068,non-neutral
3069,neutral
3070,neutral
3071,neutral
3072,neutral
3073,neutral
3074,neutral
3075,neutral
3076,neutral
3077,joy
3078,non-neutral
3079,joy
3080,neutral
3081,non-neutral
3082,neutral
3083,surprise
3084,neutral
3085,surprise
3086,neutral
3087,surprise
3088,surprise
3089,anger
3090,non-neutral
3091,neutral
3092,surprise
3093,neutral
3094,surprise
3095,joy
3096,neutral
3097,neutral
3098,joy
3099,neutral
3100,neutral
3101,surprise
3102,neutral
3103,neutral
3104,surprise
3105,neutral
3106,neutral
3107,non-neutral
3108,neutral
3109,surprise
3110,neutral
3111,neutral
3112,neutral
3113,neutral
3114,neutral
3115,neutral
3116,anger
3117,anger
3118,non-neutral
3119,anger
3120,non-neutral
3121,neutral
3122,anger
3123,joy
3124,neutral
3125,neutral
3126,non-neutral
3127,neutral
3128,neutral
3129,neutral
3130,surprise
3131,surprise
3132,neutral
3133,neutral
3134,neutral
3135,neutral
3136,joy
3137,neutral
3138,neutral
3139,neutral
3140,neutral
3141,neutral
3142,neutral
3143,surprise
3144,joy
3145,neutral
3146,joy
3147,neutral
3148,non-neutral
3149,neutral
3150,neutral
3151,neutral
3152,neutral
3153,non-neutral
3154,neutral
3155,surprise
3156,sadness
3157,surprise
3158,neutral
3159,neutral
3160,neutral
3161,surprise
3162,joy
3163,joy
3164,joy
3165,surprise
3166,neutral
3167,neutral
3168,sadness
3169,surprise
3170,neutral
3171,neutral
3172,neutral
3173,neutral
3174,neutral
3175,neutral
3176,neutral
3177,neutral
3178,neutral
3179,neutral
3180,neutral
3181,neutral
3182,sadness
3183,neutral
3184,surprise
3185,neutral
3186,neutral
3187,anger
3188,neutral
3189,non-neutral
3190,surprise
3191,neutral
3192,neutral
3193,non-neutral
3194,surprise
3195,neutral
3196,non-neutral
3197,neutral
3198,neutral
3199,neutral
3200,non-neutral
3201,neutral
3202,neutral
3203,joy
3204,joy
3205,surprise
3206,sadness
3207,neutral
3208,non-neutral
3209,neutral
3210,non-neutral
3211,surprise
3212,non-neutral
3213,sadness
3214,sadness
3215,neutral
3216,sadness
3217,neutral
3218,neutral
3219,neutral
3220,neutral
3221,neutral
3222,neutral
3223,surprise
3224,neutral
3225,non-neutral
3226,anger
3227,neutral
3228,neutral
3229,anger
3230,non-neutral
3231,joy
3232,sadness
3233,surprise
3234,neutral
3235,neutral
3236,neutral
3237,surprise
3238,neutral
3239,sadness
3240,neutral
3241,surprise
3242,neutral
3243,neutral
3244,neutral
3245,neutral
3246,neutral
3247,neutral
3248,neutral
3249,neutral
3250,neutral
3251,joy
3252,neutral
3253,neutral
3254,joy
3255,neutral
3256,neutral
3257,neutral
3258,neutral
3259,neutral
3260,neutral
3261,neutral
3262,neutral
3263,neutral
3264,non-neutral
3265,neutral
3266,neutral
3267,neutral
3268,surprise
3269,neutral
3270,neutral
3271,neutral
3272,neutral
3273,joy
3274,neutral
3275,neutral
3276,joy
3277,neutral
3278,neutral
3279,neutral
3280,anger
3281,neutral
3282,surprise
3283,surprise
3284,anger
3285,surprise
3286,non-neutral
3287,neutral
3288,non-neutral
3289,anger
3290,non-neutral
3291,neutral
3292,neutral
3293,non-neutral
3294,neutral
3295,joy
